person_id,name,given_names,family_names,group,candidate_list,constituency,dim1,dim2,dim3,weight,included
nrsr:person:1008,Ján Ferenčák,Ján,Ferenčák,Klub HLAS - sociálna demokracia,,,-0.6735862005572729,-0.43742779146009675,0.04565449184418611,0.8485379345100252,True
nrsr:person:1009,Jozef Habánik,Jozef,Habánik,Klub SMER - sociálna demokracia,,,-0.856795491717341,0.01750517447948865,0.0032684556054649355,0.9905988649044292,True
nrsr:person:1019,Viliam Zahorčák,Viliam,Zahorčák,Klub SMER - sociálna demokracia,,,-0.8582547243887249,0.01630744893156162,0.0016047255029848853,0.9978222003575672,True
nrsr:person:1023,Peter Kmec,Peter,Kmec,Klub HLAS - sociálna demokracia,,,-0.8407663986380968,0.6704144084947204,-0.011992347036360958,0.21604612375661442,True
nrsr:person:1025,Mária Kolíková,Mária,Kolíková,Klub Sloboda a Solidarita,,,1.082240740420638,0.07635529957699629,-0.12509897423308777,0.8816368894061747,True
nrsr:person:1032,Juraj Krúpa,Juraj,Krúpa,Klub Sloboda a Solidarita,,,1.0745719342766948,0.07227442704862601,-0.07259252956135587,0.8755234518424305,True
nrsr:person:1034,Filip Kuffa,Filip,Kuffa,,,,0.0,0.0,0.0,0.0,False
nrsr:person:1037,Vladimír Ledecký,Vladimír,Ledecký,Klub Sloboda a Solidarita,,,1.0764836695114517,0.061306115966090716,-0.0999063638926617,0.8924658931378315,True
nrsr:person:1042,Vladimíra Marcinková,Vladimíra,Marcinková,Klub Sloboda a Solidarita,,,1.0799735472937595,0.05859086179157607,-0.09411497729960326,0.7851597653015924,True
nrsr:person:1046,Roman Mikulec,Roman,Mikulec,Klub SLOVENSKO - ZA ĽUDÍ,,,1.106377518358566,0.02329972585401788,-0.23140818534317167,0.792185118969055,True
nrsr:person:1054,Jozef Pročko,Jozef,Pročko,Klub SLOVENSKO - ZA ĽUDÍ,,,1.1079591945074874,0.012994865078114405,-0.22811081980399373,0.8281278122412739,True
nrsr:person:1058,Anton Stredák,Anton,Stredák,Klub SMER - sociálna demokracia,,,-0.8565179015962062,0.01773100750149614,0.002174426157554367,0.9988001103898442,True
nrsr:person:1065,Michal Šipoš,Michal,Šipoš,Klub SLOVENSKO - ZA ĽUDÍ,,,1.113611476327738,0.02199065213480899,-0.272193731829802,0.8845046255744473,True
nrsr:person:1069,Matúš Eštok,Matúš,Eštok,,,,0.0,0.0,0.0,0.0,False
nrsr:person:1071,Richard Takáč,Richard,Takáč,,,,0.0,0.0,0.0,0.0,False
nrsr:person:1072,Tomáš Taraba,Tomáš,Taraba,,,,0.0,0.0,0.0,0.0,False
nrsr:person:1075,Tomáš Valášek,Tomáš,Valášek,Klub Progresívne Slovensko,,,1.0795479862386146,0.019096203386168645,0.24715931213152595,0.7686912804022031,True
nrsr:person:1081,Ľubica Laššáková,Ľubica,Laššáková,Klub HLAS - sociálna demokracia,,,-0.8553700885459127,0.017342218984094136,0.0030923716617035067,0.9841374593537395,True
nrsr:person:1087,Zdenko Svoboda,Zdenko,Svoboda,Klub HLAS - sociálna demokracia,,,-0.8539180278327307,0.013476176719510631,0.005064767966303635,0.9961303560072475,True
nrsr:person:1088,Peter Pollák,Peter,Pollák,Klub SLOVENSKO - ZA ĽUDÍ,,,1.1016121000894104,0.020151105606938304,-0.2405219065954599,0.8676401771037066,True
nrsr:person:1114,Michal Šimečka,Michal,Šimečka,Klub Progresívne Slovensko,,,1.0792922055660734,0.04276266900766606,0.27300676476917524,0.8134471628610169,True
nrsr:person:1115,Michal Truban,Michal,Truban,Klub Progresívne Slovensko,,,1.0747782745100076,0.05490543379898026,0.26462343034859714,0.8443083236342258,True
nrsr:person:1116,Lucia Plaváková,Lucia,Plaváková,Klub Progresívne Slovensko,,,1.082615710013225,0.058147962522658206,0.30513799466120706,0.7748287157581504,True
nrsr:person:1117,Jaroslav Spišiak,Jaroslav,Spišiak,Klub Progresívne Slovensko,,,1.0861784226141242,0.03381889206085237,0.274398802957305,0.8738316074921109,True
nrsr:person:1118,Tamara Stohlová,Tamara,Stohlová,Klub Progresívne Slovensko,,,1.0895786716107714,0.03656163743658513,0.26691425617939457,0.9243469600796728,True
nrsr:person:1119,Irena Bihariová,Irena,Bihariová,Klub Progresívne Slovensko,,,1.0894145876148005,0.03090152684060447,0.27081198149265506,0.8692780264215694,True
nrsr:person:1120,Michal Sabo,Michal,Sabo,Klub Progresívne Slovensko,,,1.0881490516099066,0.04211618125293457,0.2706321178869563,0.9378637165380785,True
nrsr:person:1121,Zora Jaurová,Zora,Jaurová,Klub Progresívne Slovensko,,,1.0762588233251962,0.0569591186126129,0.2900908792112353,0.6994156537598543,True
nrsr:person:1123,Oskar Dvořák,Oskar,Dvořák,Klub Progresívne Slovensko,,,1.0865875107552674,0.03986488689856443,0.2834773816910283,0.9023949796618713,True
nrsr:person:1124,Ingrid Kosová,Ingrid,Kosová,Klub Progresívne Slovensko,,,1.0881477359137532,0.027858095354446062,0.26362839474764094,0.9289545361826713,True
nrsr:person:1125,Štefan Kišš,Štefan,Kišš,Klub Progresívne Slovensko,,,1.0767784576293176,0.03450702902281541,0.2768221777821877,0.7377401279082325,True
nrsr:person:1126,Tina Gažovičová,Tina,Gažovičová,Klub Progresívne Slovensko,,,1.0921064114996064,0.04628260389581686,0.27520907547602597,0.9566419889370179,True
nrsr:person:1127,Ivan Štefunko,Ivan,Štefunko,Klub Progresívne Slovensko,,,1.0801555844739223,0.05789901354495203,0.2704457438973679,0.8317094827275893,True
nrsr:person:1128,Beáta Jurík,Beáta,Jurík,Klub Progresívne Slovensko,,,1.0958684695766059,0.0405979604300328,0.2727808804194151,0.9197033872883696,True
nrsr:person:1129,Jana Hanuliaková,Jana,Hanuliaková,Klub Progresívne Slovensko,,,1.0828309274437204,0.04370026540194497,0.29301025884497645,0.8142570883478721,True
nrsr:person:1130,Zuzana Mesterová,Zuzana,Mesterová,Klub Progresívne Slovensko,,,1.0907660510856332,0.044366712879151754,0.27281422466955146,0.9592937449754625,True
nrsr:person:1131,Ondrej Prostredník,Ondrej,Prostredník,Klub Progresívne Slovensko,,,1.0946051872922646,0.04475468597837049,0.2734093033883119,0.9646932482211639,True
nrsr:person:1132,Zuzana Števulová,Zuzana,Števulová,Klub Progresívne Slovensko,,,1.0899090582892195,0.04943732352158777,0.28066027489227546,0.8356751178891544,True
nrsr:person:1133,Martin Dubéci,Martin,Dubéci,Klub Progresívne Slovensko,,,1.0872932528585173,0.048529711410717,0.27467058019422497,0.9102782544005953,True
nrsr:person:1134,Darina Luščíková,Darina,Luščíková,Klub Progresívne Slovensko,,,1.0896146937288913,0.05484307742515994,0.2737905813836151,0.8944577098906903,True
nrsr:person:1135,Branislav Vančo,Branislav,Vančo,Klub Progresívne Slovensko,,,1.0902584481629642,0.04586778983368636,0.24378604942396542,0.9098822908292439,True
nrsr:person:1136,Tomáš Hellebrandt,Tomáš,Hellebrandt,Klub Progresívne Slovensko,,,1.0475132363957675,0.9386050268716326,0.11548088756300937,0.021244045547809606,False
nrsr:person:1137,Viera Kalmárová,Viera,Kalmárová,Klub Progresívne Slovensko,,,1.0309520833432293,0.5327488085400552,0.3948114796398595,0.6162933010163065,True
nrsr:person:1138,Martin Pekár,Martin,Pekár,Klub Progresívne Slovensko,,,0.8772077955053984,0.7825943516231559,-0.22119158400870623,0.0020518112333665303,False
nrsr:person:1139,Dana Kleinert,Dana,Kleinert,Klub Progresívne Slovensko,,,1.0840226986563415,0.034018430554383694,0.30322116426238865,0.809283545913776,True
nrsr:person:1140,Dávid Dej,Dávid,Dej,Klub Progresívne Slovensko,,,1.0933101072681612,0.04133282494763684,0.2720169418009373,0.9781560096471127,True
nrsr:person:1141,Veronika Veslárová,Veronika,Veslárová,Klub Progresívne Slovensko,,,1.095466631902234,0.03748552386010831,0.2690252866857466,0.9054726965119211,True
nrsr:person:1142,Ján Hargaš,Ján,Hargaš,Klub Progresívne Slovensko,,,1.0942160267519065,0.05067141878394498,0.26345848979611497,0.8770173144070746,True
nrsr:person:1143,Veronika Šrobová,Veronika,Šrobová,Klub Progresívne Slovensko,,,1.0892277173096827,0.0407380406362244,0.2737601983261406,0.9194874071585416,True
nrsr:person:1144,Lukáš Bužo,Lukáš,Bužo,Klub SLOVENSKO - ZA ĽUDÍ,,,1.1100872287668073,0.02202277102360193,-0.23996260993053736,0.9121140855041338,True
nrsr:person:1145,Viliam Tankó,Viliam,Tankó,Klub SLOVENSKO - ZA ĽUDÍ,,,1.0962443374401563,0.023207474048951064,-0.019459259016904384,0.874371557816681,True
nrsr:person:1146,Anežka Škopová,Anežka,Škopová,Klub SLOVENSKO - ZA ĽUDÍ,,,1.1081320333904763,0.020475537801630084,-0.24726850033890252,0.9245149446250945,True
nrsr:person:1147,Tomáš Szalay,Tomáš,Szalay,Klub Sloboda a Solidarita,,,1.0720627527563662,0.04064449937328095,-0.10739783205992116,0.9181975258276239,True
nrsr:person:1148,Rudolf Huliak,Rudolf,Huliak,Klub Slovenská národná strana,,,-0.7609029022713394,-0.48786189705154087,0.032630651594951085,0.36943401207088955,True
nrsr:person:1149,Roman Michelko,Roman,Michelko,Klub Slovenská národná strana,,,-0.838271623314173,0.011621319999808493,0.0022837763705176152,0.9958903780852162,True
nrsr:person:1150,Ivan Ševčík,Ivan,Ševčík,Klub Slovenská národná strana,,,-0.8554570960698189,0.01850946878984479,-0.0015559933401094374,0.9236810213460364,True
nrsr:person:1151,Peter Kotlár,Peter,Kotlár,Klub Slovenská národná strana,,,-0.8468289893264297,0.021185743410224278,0.0042014627921814,0.9827995824384159,True
nrsr:person:1152,Pavel Ľupták,Pavel,Ľupták,Klub Slovenská národná strana,,,-0.8504780294444145,0.014508999828149459,-0.0012094039626732035,0.9063306175831826,True
nrsr:person:1153,Erik Kaliňák,Erik,Kaliňák,Klub SMER - sociálna demokracia,,,-0.7292954333758924,-0.5755356920135549,0.02478646751014297,0.2531347116065322,True
nrsr:person:1154,Tibor Gašpar,Tibor,Gašpar,Klub SMER - sociálna demokracia,,,-0.8575107484655413,0.016340375638218156,0.0005001396418638358,0.9933046159753304,True
nrsr:person:1155,Juraj Gedra,Juraj,Gedra,,,,0.0,0.0,0.0,0.0,False
nrsr:person:1156,Ján Mažgút,Ján,Mažgút,Klub SMER - sociálna demokracia,,,-0.8571640491208598,0.014676745578221451,0.00011644466272083355,0.9965023217863958,True
nrsr:person:1157,Igor Melicher,Igor,Melicher,,,,0.0,0.0,0.0,0.0,False
nrsr:person:1158,Daniel Karas,Daniel,Karas,Klub SMER - sociálna demokracia,,,-0.8585202746984915,0.016243507587000012,0.0013523612536199849,0.9980921755198523,True
nrsr:person:1159,Zuzana Matejičková,Zuzana,Matejičková,Klub SMER - sociálna demokracia,,,-0.85417261127018,0.014987928063041387,0.0007132471715867136,0.9991300800326371,True
nrsr:person:1160,Marcela Čavojová,Marcela,Čavojová,Klub SMER - sociálna demokracia,,,-0.8536362582844166,0.013683517210770433,0.0006547794325694489,0.9793379009131161,True
nrsr:person:1161,Michal Stuška,Michal,Stuška,Klub SMER - sociálna demokracia,,,-0.8584694967909101,0.016327346364887054,0.0021070448756389114,0.994432512208877,True
nrsr:person:1162,Jozef Smatana,Jozef,Smatana,,,,0.0,0.0,0.0,0.0,False
nrsr:person:1163,Justín Sedlák,Justín,Sedlák,Klub SMER - sociálna demokracia,,,-0.856088069510386,0.014255514405682186,0.001832933038902521,0.9974142378901144,True
nrsr:person:1164,Tomáš Drucker,Tomáš,Drucker,,,,0.0,0.0,0.0,0.0,False
nrsr:person:1165,Michal Kaliňák,Michal,Kaliňák,,,,0.0,0.0,0.0,0.0,False
nrsr:person:1166,Dr. Kurilovská,Dr.,Kurilovská,,,,0.0,0.0,0.0,0.0,False
nrsr:person:1168,Zuzana Dolinková,Zuzana,Dolinková,,,,0.0,0.0,0.0,0.0,False
nrsr:person:1169,Karol Janas,Karol,Janas,Klub HLAS - sociálna demokracia,,,-0.8552699451644893,0.014235879595194656,0.0009364367340716549,0.9983201545457819,True
nrsr:person:1170,Peter Kalivoda,Peter,Kalivoda,Klub HLAS - sociálna demokracia,,,-0.8536486166411763,0.016441405545699617,0.004797945576266114,0.9736144274726728,True
nrsr:person:1171,Kamil Šaško,Kamil,Šaško,,,,0.0,0.0,0.0,0.0,False
nrsr:person:1172,Richard Eliáš,Richard,Eliáš,Klub HLAS - sociálna demokracia,,,-0.8538366253536113,0.016844149553686894,0.005521153446265283,0.9939045607804085,True
nrsr:person:1173,Roman Malatinec,Roman,Malatinec,Klub HLAS - sociálna demokracia,,,-0.8479480867576311,0.003603717265235778,0.0016538318633424725,0.9930166424688931,True
nrsr:person:1174,Michal Moško,Michal,Moško,Klub HLAS - sociálna demokracia,,,-0.6992257509498006,-0.5923867036996283,0.20477489197702667,0.1394631693884163,True
nrsr:person:1175,Radomír Šalitroš,Radomír,Šalitroš,Klub HLAS - sociálna demokracia,,,-0.7411833273149242,-0.4911470561785014,0.05224313351608845,0.44205133127752255,True
nrsr:person:1176,Erik Vlček,Erik,Vlček,Klub HLAS - sociálna demokracia,,,-0.8537752713449517,0.01826440467039967,0.006210763249750279,0.9834175255876461,True
nrsr:person:1177,Igor Šimko,Igor,Šimko,Klub HLAS - sociálna demokracia,,,-0.8561818321576556,0.015782500868581687,0.005107703429984747,0.9712926410770213,True
nrsr:person:1178,Milan Majerský,Milan,Majerský,Klub KDH,,,0.9783318417553524,-0.12875346196302234,-0.40064717617633905,0.8472300548349553,True
nrsr:person:1179,Marián Čaučík,Marián,Čaučík,Klub KDH,,,0.9924335556878082,-0.12628655269573638,-0.3866981969398356,0.9175195881978859,True
nrsr:person:1180,Martina Holečková,Martina,Holečková,Klub KDH,,,1.055236155566298,-0.05410956236774594,-0.24165735232965435,0.7337144982661596,True
nrsr:person:1181,Jozef Hajko,Jozef,Hajko,Klub KDH,,,0.9635844514023365,-0.05928006922552514,-0.41145064811644516,0.7844998260160067,True
nrsr:person:1182,Peter Stachura,Peter,Stachura,Klub KDH,,,0.9666775672374924,-0.1347003015625164,-0.41180691988782264,0.7692192318306716,True
nrsr:person:1183,Ján Horecký,Ján,Horecký,Klub KDH,,,0.9974584732473543,-0.10556493694336737,-0.3931517334479001,0.8531755078532776,True
nrsr:person:1184,František Majerský,František,Majerský,Klub KDH,,,0.9663797211989228,-0.12057738469477909,-0.4043683046140819,0.7566443887162383,True
nrsr:person:1185,Martin Šmilňák,Martin,Šmilňák,Klub KDH,,,0.9416756936625499,0.0668462970601634,-0.46519015042570405,0.7202037412558046,True
nrsr:person:1186,Andrea Turčanová,Andrea,Turčanová,Klub KDH,,,0.9822602262455938,-0.11805023290006325,-0.4202827732393362,0.8042740067913754,True
nrsr:person:1187,Branislav Becík,Branislav,Becík,Klub HLAS - sociálna demokracia,,,-0.8566298704106474,0.015904426951007584,0.00130263231188927,0.9973362450654542,True
nrsr:person:1188,Július Jakab,Július,Jakab,Klub SLOVENSKO - ZA ĽUDÍ,,,1.1208246413410965,0.03306583033815337,-0.23685894478041777,0.8795430820364528,True
nrsr:person:1189,Marek Lackovič,Marek,Lackovič,Klub Progresívne Slovensko,,,1.089390766605041,0.04728566138881502,0.2785375319352448,0.9435751910824206,True
nrsr:person:1190,Rastislav Krátky,Rastislav,Krátky,Klub SLOVENSKO - ZA ĽUDÍ,,,1.0918531703334686,-0.0003577102935755263,-0.1516124393683347,0.7576882926770738,True
nrsr:person:1191,Andrej Sitkár,Andrej,Sitkár,Klub SMER - sociálna demokracia,,,-0.8571021907122557,0.016060859576125318,0.0014800759518169683,0.9987281170132349,True
nrsr:person:1192,Ivan Hazucha,Ivan,Hazucha,Klub SMER - sociálna demokracia,,,-0.857059311958425,0.014694739974803929,0.0026078032237438664,0.986165272794903,True
nrsr:person:1193,Igor Válek,Igor,Válek,Klub SMER - sociálna demokracia,,,-0.8580828593869673,0.01770370008209744,0.002254061837240153,0.9987461153573872,True
nrsr:person:1194,Zuzana Plevíková,Zuzana,Plevíková,Klub SMER - sociálna demokracia,,,-0.8573026791454157,0.016093379647879016,0.0009271452321581985,0.9988841026625552,True
nrsr:person:1195,Jozef Cech,Jozef,Cech,Klub HLAS - sociálna demokracia,,,-0.8553625126344242,0.01601786063662863,0.0049502059436537585,0.9953744255528493,True
nrsr:person:1196,Alena Nováková,Alena,Nováková,Klub HLAS - sociálna demokracia,,,-0.8560892848041443,0.01583043868043266,0.0034452554599317944,0.99722825500054,True
nrsr:person:1197,Peter Slyško,Peter,Slyško,Klub HLAS - sociálna demokracia,,,-0.8181857679718849,-0.24690575227969194,0.012626843343761827,0.7794782879975044,True
nrsr:person:1198,Milan Garaj,Milan,Garaj,Klub Slovenská národná strana,,,-0.8498246878291652,0.008860651901200983,0.002186266566511097,0.981461705523092,True
nrsr:person:1199,Adam Lučanský,Adam,Lučanský,Klub Slovenská národná strana,,,-0.8479119604703251,0.01151396846398272,0.0004932006726562736,0.9961783515916538,True
nrsr:person:1200,Boleslav Lešo,Boleslav,Lešo,Klub SMER - sociálna demokracia,,,-0.8578248451841832,0.0157572022840845,0.00053155329222446,0.9985661319158639,True
nrsr:person:1201,Samuel Migaľ,Samuel,Migaľ,Klub HLAS - sociálna demokracia,,,-0.7475688982281355,-0.4945962567044506,0.047767061001808345,0.4445591005627483,True
nrsr:person:1202,Ján Hrubý,Ján,Hrubý,Klub HLAS - sociálna demokracia,,,-0.8417297548775308,0.5058645654679351,-0.07089621067956486,0.5506173432044253,True
nrsr:person:1203,Miroslav Čellár,Miroslav,Čellár,Klub HLAS - sociálna demokracia,,,-0.8517466604951702,0.014470987052355798,0.008802867858644618,0.9920927274690731,True
nrsr:person:1204,Jaroslav Mego,Jaroslav,Mego,Klub SMER - sociálna demokracia,,,-0.8575652715882199,0.01325574811918288,0.0013436181241414688,0.9965863140591066,True
nrsr:person:1205,Michal Kapuš,Michal,Kapuš,Klub SMER - sociálna demokracia,,,-0.8578967934378173,0.016882413890627612,0.0033301686759970054,0.9929506485403345,True
nrsr:person:1206,Peter Sokol,Peter,Sokol,Klub SMER - sociálna demokracia,,,-0.8660016393536459,0.008175415025772575,-0.02019290376066172,0.9073025281674086,True
nrsr:person:1207,Michal Bartek,Michal,Bartek,Klub HLAS - sociálna demokracia,,,-0.8556331002521462,0.014911843786732087,0.001412799981325008,0.9894109741903747,True
nrsr:person:1208,Paula Puškárová,Paula,Puškárová,Klub HLAS - sociálna demokracia,,,-0.8532401239201652,0.011462644836993741,0.006312169153318896,0.9873291657167543,True
nrsr:person:1210,Dagmar Kramplová,Dagmar,Kramplová,Klub Slovenská národná strana,,,-0.8504347354098649,0.008565881928924721,0.0026741690391728573,0.9976302180199422,True
nrsr:person:1211,Zdenka Mačicová,Zdenka,Mačicová,Klub HLAS - sociálna demokracia,,,-0.8561144487152421,0.02040608359769292,0.005534057092812999,0.9832435415941734,True
nrsr:person:1212,Natália Nash,Natália,Nash,Klub Progresívne Slovensko,,,1.085886751627113,-0.03183008266992442,0.3063157894628186,0.9404794758882183,True
nrsr:person:1213,Richard Dubovický,Richard,Dubovický,Klub Progresívne Slovensko,,,1.0694724432395697,-0.23377546296679258,0.2945214603322715,0.8286377653255902,True
nrsr:person:1214,Richard Glück,Richard,Glück,Klub SMER - sociálna demokracia,,,-0.8407375466786248,0.21327565676765237,-0.023293745965622423,0.9471448626726343,True
nrsr:person:1216,Dávid Demečko,Dávid,Demečko,Klub HLAS - sociálna demokracia,,,-0.847090168869204,0.27150762049405974,-0.0846771940189397,0.8576930922355144,True
nrsr:person:1217,Andrea Szabóová,Andrea,Szabóová,Klub HLAS - sociálna demokracia,,,-0.8460079974248137,0.271954453708467,-0.08216160012021573,0.8568291717162022,True
nrsr:person:1218,Jozef Kačmár,Jozef,Kačmár,Klub SMER - sociálna demokracia,,,-0.8490423832897456,0.33514514460668415,-0.07302996343798386,0.737866116317299,True
nrsr:person:1219,Ján Horváth,Ján,Horváth,Klub SMER - sociálna demokracia,,,-0.8485109161746496,0.3372746296544827,-0.07563134679534414,0.7456054043028042,True
nrsr:person:1220,Miroslav Radačovský,Miroslav,Radačovský,Nezávislí,,,-0.7785495994913608,0.4381974788441086,-0.07044536195937408,0.5370765889538163,True
nrsr:person:1221,Igor Dušenka,Igor,Dušenka,Klub SLOVENSKO - ZA ĽUDÍ,,,1.0641537317929306,-0.7676483629233254,-0.10229848523294556,0.35745311431348326,True
nrsr:person:1222,Gréta Gregorová,Gréta,Gregorová,Klub Progresívne Slovensko,,,1.047012050253388,-0.7400566276395796,0.10046887541455796,0.3146650508153251,True
nrsr:person:1223,Vladimír Macášek,Vladimír,Macášek,Klub SMER - sociálna demokracia,,,-0.841005618360297,0.6706304120345441,-0.011975583031260187,0.21670006359414937,True
nrsr:person:1224,Monika Kolejáková,Monika,Kolejáková,Klub KDH,,,0.9889333478082776,-0.8261569924604201,-0.006822718914966328,0.13708738796030767,True
nrsr:person:1225,Gabriel Paľa,Gabriel,Paľa,Klub KDH,,,0.9952073594572811,-0.8470862059741402,0.09500577066848213,0.056808773592829466,False
nrsr:person:147,Anna Záborská,Anna,Záborská,Klub SLOVENSKO - ZA ĽUDÍ,,,1.0042499186485985,0.47985073174918147,-0.31815281569546205,0.4084304244009552,True
nrsr:person:233,Jaroslav Baška,Jaroslav,Baška,Klub SMER - sociálna demokracia,,,-0.8556338747698001,0.020750527548608972,0.004661245430966353,0.9534982781584096,True
nrsr:person:238,Juraj Blanár,Juraj,Blanár,,,,0.0,0.0,0.0,0.0,False
nrsr:person:271,Robert Kaliňák,Robert,Kaliňák,,,,0.0,0.0,0.0,0.0,False
nrsr:person:293,Ľubomír Vážny,Ľubomír,Vážny,Klub SMER - sociálna demokracia,,,-0.8492087958244757,0.02118920697719597,0.002088056720161228,0.9813957115945334,True
nrsr:person:322,Dušan Muňko,Dušan,Muňko,Klub SMER - sociálna demokracia,,,-0.8526271642690263,0.009714900375220145,0.006176128617347957,0.9594257328325795,True
nrsr:person:36,Vladimír Faič,Vladimír,Faič,Klub SMER - sociálna demokracia,,,-0.8539440842960232,0.016980914068178768,0.007085846913928306,0.9729724865312394,True
nrsr:person:40,Robert Fico,Robert,Fico,,,,0.0,0.0,0.0,0.0,False
nrsr:person:61,Dušan Jarjabek,Dušan,Jarjabek,Klub SMER - sociálna demokracia,,,-0.8585443858477559,0.01657460487697966,0.00010723813826693172,0.9841014626654351,True
nrsr:person:656,Dušan Galis,Dušan,Galis,Klub SMER - sociálna demokracia,,,-0.8545317481106507,0.023349850010354428,0.003456522591359463,0.9946724901309081,True
nrsr:person:668,Stanislav Kubánek,Stanislav,Kubánek,Klub SMER - sociálna demokracia,,,-0.8535376178393569,0.01630343169819798,0.0014753517857798277,0.9965743151630052,True
nrsr:person:671,Ján Kvorka,Ján,Kvorka,Klub SMER - sociálna demokracia,,,-0.85724197797144,0.016676446371916953,0.0022792903797713123,0.9948704719165838,True
nrsr:person:682,Peter Pellegrini,Peter,Pellegrini,Klub HLAS - sociálna demokracia,,,-0.6998515037056662,-0.5933039848706032,0.19926503328169115,0.1376033404926747,True
nrsr:person:685,Ján Podmanický,Ján,Podmanický,Klub SMER - sociálna demokracia,,,-0.8559882947830083,0.016898072324683638,-0.004232216576112169,0.9885470536710624,True
nrsr:person:689,Ján Richter,Ján,Richter,Klub SMER - sociálna demokracia,,,-0.8560680551718065,0.015383019935283834,-0.0006124727575835459,0.9847913991912746,True
nrsr:person:691,Peter Žiga,Peter,Žiga,Klub HLAS - sociálna demokracia,,,-0.8548963898807542,0.017178599632109288,0.008862798327979439,0.9624194574099185,True
nrsr:person:705,Jozef Valocký,Jozef,Valocký,Klub SMER - sociálna demokracia,,,-0.857204691543678,0.01675531135081548,0.0023342318147285394,0.9958243841566577,True
nrsr:person:732,Jana Vaľová,Jana,Vaľová,Klub SMER - sociálna demokracia,,,-0.8190139243784397,-0.24578441016105798,0.01011225866955192,0.7011974898309357,True
nrsr:person:733,Michal Lukša,Michal,Lukša,Klub SMER - sociálna demokracia,,,-0.8581766211456656,0.019259710821220712,-4.985399713519997e-05,0.9982541606172234,True
nrsr:person:738,Pavol Goga,Pavol,Goga,Klub SMER - sociálna demokracia,,,-0.8586113346669686,0.017559884959036886,0.00838640130054748,0.9919967363002605,True
nrsr:person:761,Richard Raši,Richard,Raši,Klub HLAS - sociálna demokracia,,,-0.8371601582204412,0.502718157151051,-0.07029383706905276,0.5511272962887415,True
nrsr:person:762,Marián Saloň,Marián,Saloň,Klub SMER - sociálna demokracia,,,-0.8589855884197399,0.016092141775359562,0.0007635967030084075,0.9871971778596371,True
nrsr:person:767,Richard Sulík,Richard,Sulík,Klub Sloboda a Solidarita,,,0.9783479287722597,0.743187039098708,0.14476852331631887,0.15924334961183575,True
nrsr:person:769,Peter Šuca,Peter,Šuca,Klub SMER - sociálna demokracia,,,-0.8581036122215193,0.01659947765514954,0.001038971016561035,0.9981581694484107,True
nrsr:person:779,Ondrej Dostál,Ondrej,Dostál,Klub Sloboda a Solidarita,,,1.0864250684775156,0.059336012132387664,-0.1466280999693189,0.947588821828392,True
nrsr:person:785,Ľubomír Galko,Ľubomír,Galko,Klub SLOVENSKO - ZA ĽUDÍ,,,1.1210515843401772,0.026834607864530274,-0.20602552077266892,0.8969714786239668,True
nrsr:person:790,Igor Choma,Igor,Choma,,,,0.0,0.0,0.0,0.0,False
nrsr:person:808,Igor Matovič,Igor,Matovič,Klub SLOVENSKO - ZA ĽUDÍ,,,1.1058856085874245,0.03384722361923601,-0.2515017720017737,0.7373081676485764,True
nrsr:person:858,Štefan Kuffa,Štefan,Kuffa,,,,0.0,0.0,0.0,0.0,False
nrsr:person:859,Alojz Hlina,Alojz,Hlina,Klub Sloboda a Solidarita,,,1.0728984641573354,0.051367105981857356,-0.103881388933267,0.7939129600076794,True
nrsr:person:861,Richard Vašečka,Richard,Vašečka,Klub SLOVENSKO - ZA ĽUDÍ,,,1.0919339544422146,0.004174971990606057,-0.31263546396058667,0.8668062538246483,True
nrsr:person:862,Branislav Škripek,Branislav,Škripek,Klub KDH,,,0.9669485949247321,-0.1706035538178077,-0.3378555059369387,0.7453174307963669,True
nrsr:person:871,Vladimír Baláž,Vladimír,Baláž,Klub SMER - sociálna demokracia,,,-0.8541569584060021,0.02069954450001372,0.006389216363911916,0.990352887534347,True
nrsr:person:873,Marián Kéry,Marián,Kéry,Klub SMER - sociálna demokracia,,,-0.8575661098799682,0.017220799829277444,-0.0028683040331895114,0.9944205133127754,True
nrsr:person:874,Augustín Hambálek,Augustín,Hambálek,Klub SMER - sociálna demokracia,,,-0.8580506907775477,0.017491982410041112,0.0019347717314707879,0.9982781584094265,True
nrsr:person:877,Boris Susko,Boris,Susko,,,,0.0,0.0,0.0,0.0,False
nrsr:person:879,Róbert Puci,Róbert,Puci,Klub HLAS - sociálna demokracia,,,-0.8565873058883221,0.015777585159182518,0.004568134776300592,0.9946724901309081,True
nrsr:person:880,Ladislav Kamenický,Ladislav,Kamenický,,,,0.0,0.0,0.0,0.0,False
nrsr:person:885,Ľuboš Blaha,Ľuboš,Blaha,Klub SMER - sociálna demokracia,,,-0.7295962644536143,-0.5749372698456158,0.031247047747090053,0.2511488943017243,True
nrsr:person:891,Jozef Ježík,Jozef,Ježík,Klub SMER - sociálna demokracia,,,-0.8566018984882078,0.013496126012830385,0.0015704538955672613,0.9970722693512198,True
nrsr:person:892,Štefan Gašparovič,Štefan,Gašparovič,Klub HLAS - sociálna demokracia,,,-0.8563190220057125,0.015946490957128998,0.0037235860699886807,0.9997240253896644,True
nrsr:person:899,Peter Náhlik,Peter,Náhlik,Klub HLAS - sociálna demokracia,,,-0.8552569500894678,0.016061608825933,0.0036238328158250273,0.9910128268199325,True
nrsr:person:900,František Petro,František,Petro,Klub SMER - sociálna demokracia,,,-0.8581162067995017,0.01659991885236563,0.001224514365068856,0.9996100358766993,True
nrsr:person:905,Veronika Remišová,Veronika,Remišová,Klub SLOVENSKO - ZA ĽUDÍ,,,1.1083071467544936,0.023484322991192928,-0.2593613103502205,0.6901165092811462,True
nrsr:person:907,Marek Krajčí,Marek,Krajčí,Klub SLOVENSKO - ZA ĽUDÍ,,,1.0747515087326844,-0.005907305054494442,-0.29739653743969074,0.7787583542314108,True
nrsr:person:910,Gábor Grendel,Gábor,Grendel,Klub SLOVENSKO - ZA ĽUDÍ,,,1.1108237053501167,0.029518137318540274,-0.2503770264057387,0.8869883970674699,True
nrsr:person:918,Martina Šimkovičová,Martina,Šimkovičová,,,,0.0,0.0,0.0,0.0,False
nrsr:person:92,František Mikloško,František,Mikloško,Klub KDH,,,0.9998866107579372,-0.11489629196819337,-0.32690202999035156,0.7289269387216377,True
nrsr:person:929,Andrej Danko,Andrej,Danko,Klub Slovenská národná strana,,,-0.8479560555200272,0.01548090243180596,0.0022532030474694603,0.9878271199049687,True
nrsr:person:930,Dušan Tittel,Dušan,Tittel,Klub HLAS - sociálna demokracia,,,-0.8550524181100938,0.015725435100189887,0.0029654067165189586,0.9972162561044386,True
nrsr:person:931,Karol Farkašovský,Karol,Farkašovský,Klub Slovenská národná strana,,,-0.8496673724549004,0.010273238786913018,0.0026409718725375563,0.9962323466241108,True
nrsr:person:940,Erik Tomáš,Erik,Tomáš,,,,0.0,0.0,0.0,0.0,False
nrsr:person:941,Denisa Saková,Denisa,Saková,,,,0.0,0.0,0.0,0.0,False
nrsr:person:961,Igor Janckulík,Igor,Janckulík,Klub KDH,,,0.9803941712904857,-0.15361768485411476,-0.3924977410632544,0.9466949040688258,True
nrsr:person:962,Simona Petrík,Simona,Petrík,Klub Progresívne Slovensko,,,1.0811634538250716,0.014661400677374781,0.2647418409348074,0.8114193494198536,True
nrsr:person:966,Karol Galek,Karol,Galek,Klub Sloboda a Solidarita,,,1.0355908034765227,-0.4810088499778639,-0.022328358023161975,0.6855089331781478,True
nrsr:person:971,Branislav Gröhling,Branislav,Gröhling,Klub Sloboda a Solidarita,,,1.0704224895648224,0.05779207514391584,-0.027048495978784063,0.8432644196733902,True
nrsr:person:974,Martin Nemky,Martin,Nemky,Klub SMER - sociálna demokracia,,,-0.7569633079518024,-0.6761360698126869,0.0858927133749701,0.046633709698707726,False
nrsr:person:976,Jana Cigániková,Jana,Cigániková,Klub Sloboda a Solidarita,,,1.0463439420334362,0.06737853553267513,-0.08627496079651713,0.6891505981449708,True
nrsr:person:991,Marián Viskupič,Marián,Viskupič,Klub Sloboda a Solidarita,,,1.063052017564994,0.027575488742965906,-0.06423997625315847,0.9403774852713552,True
nrsr:person:997,Ján Blcháč,Ján,Blcháč,Klub HLAS - sociálna demokracia,,,-0.8576235849335728,0.01686092533065697,0.013007459489268859,0.9596777096507124,True
