id,name,photo,candidate_list,group,constituency,present_share,present_share_percent,vote_events_total,present,absent
nrsr:person:862,Branislav Škripek,https://www.nrsr.sk/web/dynamic/PoslanecPhoto.aspx?PoslanecID=862&ImageWidth=140,,Klub KDH,,0.6371484953,64,4054,2583,1471
nrsr:person:691,Peter Žiga,https://www.nrsr.sk/web/dynamic/PoslanecPhoto.aspx?PoslanecID=691&ImageWidth=140,,Klub HLAS - SD,,0.949410609,95,4072,3866,206
nrsr:person:1202,Ján Hrubý,https://www.nrsr.sk/web/dynamic/PoslanecPhoto.aspx?PoslanecID=1202&ImageWidth=140,,Klub HLAS - SD,,0.9880043621,99,1834,1812,22
nrsr:person:668,Stanislav Kubánek,https://www.nrsr.sk/web/dynamic/PoslanecPhoto.aspx?PoslanecID=668&ImageWidth=140,,Klub SMER - SD,,0.9803391497,98,4069,3989,80
nrsr:person:1081,Ľubica Laššáková,https://www.nrsr.sk/web/dynamic/PoslanecPhoto.aspx?PoslanecID=1081&ImageWidth=140,,Klub HLAS - SD,,0.9707760314,97,4072,3953,119
nrsr:person:61,art. Jarjabek,https://www.nrsr.sk/web/dynamic/PoslanecPhoto.aspx?PoslanecID=61&ImageWidth=140,,Klub SMER - SD,,0.9675834971,97,4072,3940,132
nrsr:person:1208,Dis. Puškárová,https://www.nrsr.sk/web/dynamic/PoslanecPhoto.aspx?PoslanecID=1208&ImageWidth=140,,Klub HLAS - SD,,0.9656959526,97,4052,3913,139
nrsr:person:1152,Pavel Ľupták,https://www.nrsr.sk/web/dynamic/PoslanecPhoto.aspx?PoslanecID=1152&ImageWidth=140,,Klub SNS,,0.8813392418,88,4062,3580,482
nrsr:person:1160,Marcela Čavojová,https://www.nrsr.sk/web/dynamic/PoslanecPhoto.aspx?PoslanecID=1160&ImageWidth=140,,Klub SMER - SD,,0.9667814961,97,4064,3929,135
nrsr:person:1169,PaedDr. Janas,https://www.nrsr.sk/web/dynamic/PoslanecPhoto.aspx?PoslanecID=1169&ImageWidth=140,,Klub HLAS - SD,,0.9830550098,98,4072,4003,69
nrsr:person:1046,Roman Mikulec,https://www.nrsr.sk/web/dynamic/PoslanecPhoto.aspx?PoslanecID=1046&ImageWidth=140,,Klub SLOVENSKO,,0.7036215817,70,4059,2856,1203
nrsr:person:1054,Jozef Pročko,https://www.nrsr.sk/web/dynamic/PoslanecPhoto.aspx?PoslanecID=1054&ImageWidth=140,,Klub SLOVENSKO,,0.7475442043,75,4072,3044,1028
nrsr:person:1210,Dagmar Kramplová,https://www.nrsr.sk/web/dynamic/PoslanecPhoto.aspx?PoslanecID=1210&ImageWidth=140,,Klub SNS,,0.9817374136,98,4052,3978,74
nrsr:person:1221,Igor Dušenka,https://www.nrsr.sk/web/dynamic/PoslanecPhoto.aspx?PoslanecID=1221&ImageWidth=140,,Klub SLOVENSKO,,0.9446428571,94,1120,1058,62
nrsr:person:1188,Július Jakab,https://www.nrsr.sk/web/dynamic/PoslanecPhoto.aspx?PoslanecID=1188&ImageWidth=140,,Klub SLOVENSKO,,0.8337426326,83,4072,3395,677
nrsr:person:769,PaedDr. Šuca,https://www.nrsr.sk/web/dynamic/PoslanecPhoto.aspx?PoslanecID=769&ImageWidth=140,,Klub SMER - SD,,0.9825509953,98,4069,3998,71
nrsr:person:1032,Juraj Krúpa,https://www.nrsr.sk/web/dynamic/PoslanecPhoto.aspx?PoslanecID=1032&ImageWidth=140,,Klub SaS,,0.8303045187,83,4072,3381,691
nrsr:person:871,Vladimír Baláž,https://www.nrsr.sk/web/dynamic/PoslanecPhoto.aspx?PoslanecID=871&ImageWidth=140,,Klub SMER - SD,,0.9675834971,97,4072,3940,132
nrsr:person:1135,Branislav Vančo,https://www.nrsr.sk/web/dynamic/PoslanecPhoto.aspx?PoslanecID=1135&ImageWidth=140,,Klub PS,,0.8460392352,85,4027,3407,620
nrsr:person:1023,Peter Kmec,https://www.nrsr.sk/web/dynamic/PoslanecPhoto.aspx?PoslanecID=1023&ImageWidth=140,,Klub HLAS - SD,,0.9778911565,98,588,575,13
nrsr:person:656,Dušan Galis,https://www.nrsr.sk/web/dynamic/PoslanecPhoto.aspx?PoslanecID=656&ImageWidth=140,,Klub SMER - SD,,0.9763488544,98,4059,3963,96
nrsr:person:1119,Irena Bihariová,https://www.nrsr.sk/web/dynamic/PoslanecPhoto.aspx?PoslanecID=1119&ImageWidth=140,,Klub PS,,0.8055624534,81,4027,3244,783
nrsr:person:1140,Dávid Dej,https://www.nrsr.sk/web/dynamic/PoslanecPhoto.aspx?PoslanecID=1140&ImageWidth=140,,Klub PS,,0.9204375932,92,4022,3702,320
nrsr:person:931,Karol Farkašovský,https://www.nrsr.sk/web/dynamic/PoslanecPhoto.aspx?PoslanecID=931&ImageWidth=140,,Klub SNS,,0.9777887463,98,4052,3962,90
nrsr:person:1134,Darina Luščíková,https://www.nrsr.sk/web/dynamic/PoslanecPhoto.aspx?PoslanecID=1134&ImageWidth=140,,Klub PS,,0.8383411969,84,4027,3376,651
nrsr:person:1141,Veronika Veslárová,https://www.nrsr.sk/web/dynamic/PoslanecPhoto.aspx?PoslanecID=1141&ImageWidth=140,,Klub PS,,0.8482209505,85,4019,3409,610
nrsr:person:1207,Michal Bartek,https://www.nrsr.sk/web/dynamic/PoslanecPhoto.aspx?PoslanecID=1207&ImageWidth=140,,Klub HLAS - SD,,0.9817374136,98,4052,3978,74
nrsr:person:762,Marián Saloň,https://www.nrsr.sk/web/dynamic/PoslanecPhoto.aspx?PoslanecID=762&ImageWidth=140,,Klub SMER - SD,,0.9673379175,97,4072,3939,133
nrsr:person:1218,Jozef Kačmár,https://www.nrsr.sk/web/dynamic/PoslanecPhoto.aspx?PoslanecID=1218&ImageWidth=140,,Klub SMER - SD,,0.9669021941,97,2689,2600,89
nrsr:person:1200,Boleslav Lešo,https://www.nrsr.sk/web/dynamic/PoslanecPhoto.aspx?PoslanecID=1200&ImageWidth=140,,Klub SMER - SD,,0.9830174748,98,4063,3994,69
nrsr:person:1129,Jana Hanuliaková,https://www.nrsr.sk/web/dynamic/PoslanecPhoto.aspx?PoslanecID=1129&ImageWidth=140,,Klub PS,,0.7735286814,77,4027,3115,912
nrsr:person:1159,Zuzana Matejičková,https://www.nrsr.sk/web/dynamic/PoslanecPhoto.aspx?PoslanecID=1159&ImageWidth=140,,Klub SMER - SD,,0.9837917485,98,4072,4006,66
nrsr:person:1191,Andrej Sitkár,https://www.nrsr.sk/web/dynamic/PoslanecPhoto.aspx?PoslanecID=1191&ImageWidth=140,,Klub SMER - SD,,0.9837438424,98,4060,3994,66
nrsr:person:685,Ján Podmanický,https://www.nrsr.sk/web/dynamic/PoslanecPhoto.aspx?PoslanecID=685&ImageWidth=140,,Klub SMER - SD,,0.9702848723,97,4072,3951,121
nrsr:person:1187,Branislav Becík,https://www.nrsr.sk/web/dynamic/PoslanecPhoto.aspx?PoslanecID=1187&ImageWidth=140,,Klub HLAS - SD,,0.981827112,98,4072,3998,74
nrsr:person:905,art. Remišová,https://www.nrsr.sk/web/dynamic/PoslanecPhoto.aspx?PoslanecID=905&ImageWidth=140,,Klub SLOVENSKO,,0.643172888,64,4072,2619,1453
nrsr:person:1132,Zuzana Števulová,https://www.nrsr.sk/web/dynamic/PoslanecPhoto.aspx?PoslanecID=1132&ImageWidth=140,,Klub PS,,0.7766434263,78,4016,3119,897
nrsr:person:1145,Viliam Tankó,https://www.nrsr.sk/web/dynamic/PoslanecPhoto.aspx?PoslanecID=1145&ImageWidth=140,,Klub PS,,0.8034782609,80,4025,3234,791
nrsr:person:36,RSDr. Faič,https://www.nrsr.sk/web/dynamic/PoslanecPhoto.aspx?PoslanecID=36&ImageWidth=140,,Klub SMER - SD,,0.9553045187,96,4072,3890,182
nrsr:person:879,Róbert Puci,https://www.nrsr.sk/web/dynamic/PoslanecPhoto.aspx?PoslanecID=879&ImageWidth=140,,Klub HLAS - SD,,0.9766699411,98,4072,3977,95
nrsr:person:1213,Richard Dubovický,https://www.nrsr.sk/web/dynamic/PoslanecPhoto.aspx?PoslanecID=1213&ImageWidth=140,,Klub PS,,0.8228693561,82,3743,3080,663
nrsr:person:929,Andrej Danko,https://www.nrsr.sk/web/dynamic/PoslanecPhoto.aspx?PoslanecID=929&ImageWidth=140,,Klub SNS,,0.9656188605,97,4072,3932,140
nrsr:person:900,František Petro,https://www.nrsr.sk/web/dynamic/PoslanecPhoto.aspx?PoslanecID=900&ImageWidth=140,,Klub SMER - SD,,0.9837917485,98,4072,4006,66
nrsr:person:1075,M. Valášek,https://www.nrsr.sk/web/dynamic/PoslanecPhoto.aspx?PoslanecID=1075&ImageWidth=140,,Klub PS,,0.713930966,71,4027,2875,1152
nrsr:person:961,Igor Janckulík,https://www.nrsr.sk/web/dynamic/PoslanecPhoto.aspx?PoslanecID=961&ImageWidth=140,,Klub KDH,,0.85099582,85,4067,3461,606
nrsr:person:1217,Andrea Szabóová,https://www.nrsr.sk/web/dynamic/PoslanecPhoto.aspx?PoslanecID=1217&ImageWidth=140,,Klub HLAS - SD,,0.9816485226,98,3215,3156,59
nrsr:person:1118,Tamara Stohlová,https://www.nrsr.sk/web/dynamic/PoslanecPhoto.aspx?PoslanecID=1118&ImageWidth=140,,Klub PS,,0.8606903402,86,4027,3466,561
nrsr:person:891,Jozef Ježík,https://www.nrsr.sk/web/dynamic/PoslanecPhoto.aspx?PoslanecID=891&ImageWidth=140,,Klub SMER - SD,,0.9810903733,98,4072,3995,77
nrsr:person:1142,Ján Hargaš,https://www.nrsr.sk/web/dynamic/PoslanecPhoto.aspx?PoslanecID=1142&ImageWidth=140,,Klub PS,,0.8214551776,82,4027,3308,719
nrsr:person:293,Ľubomír Vážny,https://www.nrsr.sk/web/dynamic/PoslanecPhoto.aspx?PoslanecID=293&ImageWidth=140,,Klub SMER - SD,,0.9663059518,97,4066,3929,137
nrsr:person:966,Karol Galek,https://www.nrsr.sk/web/dynamic/PoslanecPhoto.aspx?PoslanecID=966&ImageWidth=140,,Klub SaS,,0.8662659654,87,2662,2306,356
nrsr:person:1151,Peter Kotlár,https://www.nrsr.sk/web/dynamic/PoslanecPhoto.aspx?PoslanecID=1151&ImageWidth=140,,Klub SNS,,0.9684806698,97,4061,3933,128
nrsr:person:1170,Peter Kalivoda,https://www.nrsr.sk/web/dynamic/PoslanecPhoto.aspx?PoslanecID=1170&ImageWidth=140,,Klub HLAS - SD,,0.9572691552,96,4072,3898,174
nrsr:person:997,Ján Blcháč,https://www.nrsr.sk/web/dynamic/PoslanecPhoto.aspx?PoslanecID=997&ImageWidth=140,,Klub HLAS - SD,,0.9290275049,93,4072,3783,289
nrsr:person:705,Jozef Valocký,https://www.nrsr.sk/web/dynamic/PoslanecPhoto.aspx?PoslanecID=705&ImageWidth=140,,Klub SMER - SD,,0.9810391529,98,4061,3984,77
nrsr:person:1087,Zdenko Svoboda,https://www.nrsr.sk/web/dynamic/PoslanecPhoto.aspx?PoslanecID=1087&ImageWidth=140,,Klub HLAS - SD,,0.9817374136,98,4052,3978,74
nrsr:person:1222,Gréta Gregorová,https://www.nrsr.sk/web/dynamic/PoslanecPhoto.aspx?PoslanecID=1222&ImageWidth=140,,Klub PS,,0.8294642857,83,1120,929,191
nrsr:person:1199,Adam Lučanský,https://www.nrsr.sk/web/dynamic/PoslanecPhoto.aspx?PoslanecID=1199&ImageWidth=140,,Klub SNS,,0.9790640394,98,4060,3975,85
nrsr:person:1058,PaedDr. Stredák,https://www.nrsr.sk/web/dynamic/PoslanecPhoto.aspx?PoslanecID=1058&ImageWidth=140,,Klub SMER - SD,,0.9828094303,98,4072,4002,70
nrsr:person:1125,Štefan Kišš,https://www.nrsr.sk/web/dynamic/PoslanecPhoto.aspx?PoslanecID=1125&ImageWidth=140,,Klub PS,,0.6758349705,68,4072,2752,1320
nrsr:person:1193,Igor Válek,https://www.nrsr.sk/web/dynamic/PoslanecPhoto.aspx?PoslanecID=1193&ImageWidth=140,,Klub SMER - SD,,0.9832635983,98,4063,3995,68
nrsr:person:689,Ján Richter,https://www.nrsr.sk/web/dynamic/PoslanecPhoto.aspx?PoslanecID=689&ImageWidth=140,,Klub SMER - SD,,0.9700392927,97,4072,3950,122
nrsr:person:1214,Richard Glück,https://www.nrsr.sk/web/dynamic/PoslanecPhoto.aspx?PoslanecID=1214&ImageWidth=140,,Klub SMER - SD,,0.9749208025,97,3788,3693,95
nrsr:person:808,Igor Matovič,https://www.nrsr.sk/web/dynamic/PoslanecPhoto.aspx?PoslanecID=808&ImageWidth=140,,Klub SLOVENSKO,,0.6550282764,66,4067,2664,1403
nrsr:person:1190,Rastislav Krátky,https://www.nrsr.sk/web/dynamic/PoslanecPhoto.aspx?PoslanecID=1190&ImageWidth=140,,Klub KDH,,0.665762879,67,4057,2701,1356
nrsr:person:1008,Ján Ferenčák,https://www.nrsr.sk/web/dynamic/PoslanecPhoto.aspx?PoslanecID=1008&ImageWidth=140,,Klub HLAS - SD,,0.862475442,86,4072,3512,560
nrsr:person:892,Štefan Gašparovič,https://www.nrsr.sk/web/dynamic/PoslanecPhoto.aspx?PoslanecID=892&ImageWidth=140,,Klub HLAS - SD,,0.9842480925,98,4063,3999,64
nrsr:person:738,PaedDr. Goga,https://www.nrsr.sk/web/dynamic/PoslanecPhoto.aspx?PoslanecID=738&ImageWidth=140,,Klub SMER - SD,,0.9772951629,98,4052,3960,92
nrsr:person:976,Jana Cigániková,https://www.nrsr.sk/web/dynamic/PoslanecPhoto.aspx?PoslanecID=976&ImageWidth=140,,Klub SaS,,0.5857072692,59,4072,2385,1687
nrsr:person:1126,Tina Gažovičová,https://www.nrsr.sk/web/dynamic/PoslanecPhoto.aspx?PoslanecID=1126&ImageWidth=140,,Klub PS,,0.8966972933,90,4027,3611,416
nrsr:person:1149,Roman Michelko,https://www.nrsr.sk/web/dynamic/PoslanecPhoto.aspx?PoslanecID=1149&ImageWidth=140,,Klub SNS,,0.9791257367,98,4072,3987,85
nrsr:person:1114,Michal Šimečka,https://www.nrsr.sk/web/dynamic/PoslanecPhoto.aspx?PoslanecID=1114&ImageWidth=140,,Klub PS,,0.7627701375,76,4072,3106,966
nrsr:person:1158,Daniel Karas,https://www.nrsr.sk/web/dynamic/PoslanecPhoto.aspx?PoslanecID=1158&ImageWidth=140,,Klub SMER - SD,,0.9823182711,98,4072,4000,72
nrsr:person:1173,art. Malatinec,https://www.nrsr.sk/web/dynamic/PoslanecPhoto.aspx?PoslanecID=1173&ImageWidth=140,,Klub HLAS - SD,,0.9769155206,98,4072,3978,94
nrsr:person:1225,PaedDr. Paľa,https://www.nrsr.sk/web/dynamic/PoslanecPhoto.aspx?PoslanecID=1225&ImageWidth=140,,Klub KDH,,0.9553571429,96,112,107,5
nrsr:person:861,Richard Vašečka,https://www.nrsr.sk/web/dynamic/PoslanecPhoto.aspx?PoslanecID=861&ImageWidth=140,,Klub SLOVENSKO,,0.8032907662,80,4072,3271,801
nrsr:person:1161,Michal Stuška,https://www.nrsr.sk/web/dynamic/PoslanecPhoto.aspx?PoslanecID=1161&ImageWidth=140,,Klub SMER - SD,,0.9817464233,98,4054,3980,74
nrsr:person:910,Gábor Grendel,https://www.nrsr.sk/web/dynamic/PoslanecPhoto.aspx?PoslanecID=910&ImageWidth=140,,Klub SLOVENSKO,,0.8013261297,80,4072,3263,809
nrsr:person:1139,art. Kleinert,https://www.nrsr.sk/web/dynamic/PoslanecPhoto.aspx?PoslanecID=1139&ImageWidth=140,,Klub PS,,0.7681015178,77,4019,3087,932
nrsr:person:1183,Ján Horecký,https://www.nrsr.sk/web/dynamic/PoslanecPhoto.aspx?PoslanecID=1183&ImageWidth=140,,Klub KDH,,0.7421414538,74,4072,3022,1050
nrsr:person:1177,Igor Šimko,https://www.nrsr.sk/web/dynamic/PoslanecPhoto.aspx?PoslanecID=1177&ImageWidth=140,,Klub HLAS - SD,,0.9560412574,96,4072,3893,179
nrsr:person:1133,Martin Dubéci,https://www.nrsr.sk/web/dynamic/PoslanecPhoto.aspx?PoslanecID=1133&ImageWidth=140,,Klub PS,,0.8488833747,85,4030,3421,609
nrsr:person:779,Ondrej Dostál,https://www.nrsr.sk/web/dynamic/PoslanecPhoto.aspx?PoslanecID=779&ImageWidth=140,,Klub SaS,,0.8956286837,90,4072,3647,425
nrsr:person:1203,et Čellár,https://www.nrsr.sk/web/dynamic/PoslanecPhoto.aspx?PoslanecID=1203&ImageWidth=140,,Klub HLAS - SD,,0.9746492739,97,4063,3960,103
nrsr:person:1180,Martina Holečková,https://www.nrsr.sk/web/dynamic/PoslanecPhoto.aspx?PoslanecID=1180&ImageWidth=140,,Klub SaS,,0.6500616523,65,4055,2636,1419
nrsr:person:1219,Ján Horváth,https://www.nrsr.sk/web/dynamic/PoslanecPhoto.aspx?PoslanecID=1219&ImageWidth=140,,Klub SMER - SD,,0.9784306434,98,2689,2631,58
nrsr:person:1224,Monika Kolejáková,https://www.nrsr.sk/web/dynamic/PoslanecPhoto.aspx?PoslanecID=1224&ImageWidth=140,,Klub KDH,,0.8786279683,88,379,333,46
nrsr:person:1146,Anežka Škopová,https://www.nrsr.sk/web/dynamic/PoslanecPhoto.aspx?PoslanecID=1146&ImageWidth=140,,Klub SLOVENSKO,,0.8722044728,87,4069,3549,520
nrsr:person:1123,Oskar Dvořák,https://www.nrsr.sk/web/dynamic/PoslanecPhoto.aspx?PoslanecID=1123&ImageWidth=140,,Klub PS,,0.8413210827,84,4027,3388,639
nrsr:person:1216,PaedDr. Demečko,https://www.nrsr.sk/web/dynamic/PoslanecPhoto.aspx?PoslanecID=1216&ImageWidth=140,,Klub HLAS - SD,,0.9819707802,98,3217,3159,58
nrsr:person:874,Augustín Hambálek,https://www.nrsr.sk/web/dynamic/PoslanecPhoto.aspx?PoslanecID=874&ImageWidth=140,,Klub SMER - SD,,0.9828094303,98,4072,4002,70
nrsr:person:1143,Veronika Šrobová,https://www.nrsr.sk/web/dynamic/PoslanecPhoto.aspx?PoslanecID=1143&ImageWidth=140,,Klub PS,,0.8678917308,87,4027,3495,532
nrsr:person:1121,art. Jaurová,https://www.nrsr.sk/web/dynamic/PoslanecPhoto.aspx?PoslanecID=1121&ImageWidth=140,,Klub PS,,0.6722125652,67,4027,2707,1320
nrsr:person:859,Alojz Hlina,https://www.nrsr.sk/web/dynamic/PoslanecPhoto.aspx?PoslanecID=859&ImageWidth=140,,Klub SaS,,0.7309207287,73,4062,2969,1093
nrsr:person:1179,Marián Čaučík,https://www.nrsr.sk/web/dynamic/PoslanecPhoto.aspx?PoslanecID=1179&ImageWidth=140,,Klub KDH,,0.8122388793,81,4069,3305,764
nrsr:person:1127,Ivan Štefunko,https://www.nrsr.sk/web/dynamic/PoslanecPhoto.aspx?PoslanecID=1127&ImageWidth=140,,Klub PS,,0.7893950709,79,4017,3171,846
nrsr:person:1182,Peter Stachura,https://www.nrsr.sk/web/dynamic/PoslanecPhoto.aspx?PoslanecID=1182&ImageWidth=140,,Klub KDH,,0.70392302,70,4053,2853,1200
nrsr:person:1163,Justín Sedlák,https://www.nrsr.sk/web/dynamic/PoslanecPhoto.aspx?PoslanecID=1163&ImageWidth=140,,Klub SMER - SD,,0.981827112,98,4072,3998,74
nrsr:person:1025,Mária Kolíková,https://www.nrsr.sk/web/dynamic/PoslanecPhoto.aspx?PoslanecID=1025&ImageWidth=140,,Klub SaS,,0.8145874263,81,4072,3317,755
nrsr:person:733,Michal Lukša,https://www.nrsr.sk/web/dynamic/PoslanecPhoto.aspx?PoslanecID=733&ImageWidth=140,,Klub SMER - SD,,0.9820329806,98,4063,3990,73
nrsr:person:899,Peter Náhlik,https://www.nrsr.sk/web/dynamic/PoslanecPhoto.aspx?PoslanecID=899&ImageWidth=140,,Klub HLAS - SD,,0.9751842752,98,4070,3969,101
nrsr:person:1192,Ivan Hazucha,https://www.nrsr.sk/web/dynamic/PoslanecPhoto.aspx?PoslanecID=1192&ImageWidth=140,,Klub SMER - SD,,0.97021905,97,4063,3942,121
nrsr:person:1128,et Jurík,https://www.nrsr.sk/web/dynamic/PoslanecPhoto.aspx?PoslanecID=1128&ImageWidth=140,,Klub PS,,0.8673950832,87,4027,3493,534
nrsr:person:1184,František Majerský,https://www.nrsr.sk/web/dynamic/PoslanecPhoto.aspx?PoslanecID=1184&ImageWidth=140,,Klub KDH,,0.7077114428,71,4020,2845,1175
nrsr:person:1211,Zdenka Mačicová,https://www.nrsr.sk/web/dynamic/PoslanecPhoto.aspx?PoslanecID=1211&ImageWidth=140,,Klub HLAS - SD,,0.9617472853,96,4052,3897,155
nrsr:person:1042,Vladimíra Marcinková,https://www.nrsr.sk/web/dynamic/PoslanecPhoto.aspx?PoslanecID=1042&ImageWidth=140,,Klub SaS,,0.7156188605,72,4072,2914,1158
nrsr:person:907,Marek Krajčí,https://www.nrsr.sk/web/dynamic/PoslanecPhoto.aspx?PoslanecID=907&ImageWidth=140,,Klub SLOVENSKO,,0.7190569745,72,4072,2928,1144
nrsr:person:1196,Alena Nováková,https://www.nrsr.sk/web/dynamic/PoslanecPhoto.aspx?PoslanecID=1196&ImageWidth=140,,Klub HLAS - SD,,0.9812946099,98,4063,3987,76
nrsr:person:962,Simona Petrík,https://www.nrsr.sk/web/dynamic/PoslanecPhoto.aspx?PoslanecID=962&ImageWidth=140,,Klub PS,,0.7364931238,74,4072,2999,1073
nrsr:person:1186,Andrea Turčanová,https://www.nrsr.sk/web/dynamic/PoslanecPhoto.aspx?PoslanecID=1186&ImageWidth=140,,Klub KDH,,0.708497053,71,4072,2885,1187
nrsr:person:1019,Viliam Zahorčák,https://www.nrsr.sk/web/dynamic/PoslanecPhoto.aspx?PoslanecID=1019&ImageWidth=140,,Klub SMER - SD,,0.9810903733,98,4072,3995,77
nrsr:person:873,Marián Kéry,https://www.nrsr.sk/web/dynamic/PoslanecPhoto.aspx?PoslanecID=873&ImageWidth=140,,Klub SMER - SD,,0.9764243615,98,4072,3976,96
nrsr:person:1130,Zuzana Mesterová,https://www.nrsr.sk/web/dynamic/PoslanecPhoto.aspx?PoslanecID=1130&ImageWidth=140,,Klub PS,,0.8981872362,90,4027,3617,410
nrsr:person:671,Ján Kvorka,https://www.nrsr.sk/web/dynamic/PoslanecPhoto.aspx?PoslanecID=671&ImageWidth=140,,Klub SMER - SD,,0.978388998,98,4072,3984,88
nrsr:person:1189,Marek Lackovič,https://www.nrsr.sk/web/dynamic/PoslanecPhoto.aspx?PoslanecID=1189&ImageWidth=140,,Klub PS,,0.8852743978,89,4027,3565,462
nrsr:person:1120,Michal Sabo,https://www.nrsr.sk/web/dynamic/PoslanecPhoto.aspx?PoslanecID=1120&ImageWidth=140,,Klub PS,,0.8768313881,88,4027,3531,496
nrsr:person:761,Richard Raši,https://www.nrsr.sk/web/dynamic/PoslanecPhoto.aspx?PoslanecID=761&ImageWidth=140,,Klub HLAS - SD,,0.9853896104,99,1848,1821,27
nrsr:person:971,Branislav Gröhling,https://www.nrsr.sk/web/dynamic/PoslanecPhoto.aspx?PoslanecID=971&ImageWidth=140,,Klub SaS,,0.7684729064,77,4060,3120,940
nrsr:person:1206,Peter Sokol,https://www.nrsr.sk/web/dynamic/PoslanecPhoto.aspx?PoslanecID=1206&ImageWidth=140,,Klub SMER - SD,,0.8457551826,85,4052,3427,625
nrsr:person:1178,PaedDr. Majerský,https://www.nrsr.sk/web/dynamic/PoslanecPhoto.aspx?PoslanecID=1178&ImageWidth=140,,Klub KDH,,0.7496926481,75,4067,3049,1018
nrsr:person:322,Dušan Muňko,https://www.nrsr.sk/web/dynamic/PoslanecPhoto.aspx?PoslanecID=322&ImageWidth=140,,Klub SNS,,0.9452699356,95,4038,3817,221
nrsr:person:1212,PaedDr. Nash,https://www.nrsr.sk/web/dynamic/PoslanecPhoto.aspx?PoslanecID=1212&ImageWidth=140,,Klub PS,,0.8892261002,89,3954,3516,438
nrsr:person:1150,Ivan Ševčík,https://www.nrsr.sk/web/dynamic/PoslanecPhoto.aspx?PoslanecID=1150&ImageWidth=140,,Klub SNS,,0.8975933202,90,4072,3655,417
nrsr:person:1220,Miroslav Radačovský,https://www.nrsr.sk/web/dynamic/PoslanecPhoto.aspx?PoslanecID=1220&ImageWidth=140,,,,0.9608695652,96,1840,1768,72
nrsr:person:1204,Jaroslav Mego,https://www.nrsr.sk/web/dynamic/PoslanecPhoto.aspx?PoslanecID=1204&ImageWidth=140,,Klub SMER - SD,,0.9802566634,98,4052,3972,80
nrsr:person:1115,Michal Truban,https://www.nrsr.sk/web/dynamic/PoslanecPhoto.aspx?PoslanecID=1115&ImageWidth=140,,Klub PS,,0.7868362004,79,4011,3156,855
nrsr:person:991,Marián Viskupič,https://www.nrsr.sk/web/dynamic/PoslanecPhoto.aspx?PoslanecID=991&ImageWidth=140,,Klub SaS,,0.8801571709,88,4072,3584,488
nrsr:person:1198,Milan Garaj,https://www.nrsr.sk/web/dynamic/PoslanecPhoto.aspx?PoslanecID=1198&ImageWidth=140,,Klub SNS,,0.9756337682,98,4063,3964,99
nrsr:person:1154,gen. Gašpar,https://www.nrsr.sk/web/dynamic/PoslanecPhoto.aspx?PoslanecID=1154&ImageWidth=140,,Klub SMER - SD,,0.9739685658,97,4072,3966,106
nrsr:person:1172,Richard Eliáš,https://www.nrsr.sk/web/dynamic/PoslanecPhoto.aspx?PoslanecID=1172&ImageWidth=140,,Klub HLAS - SD,,0.9786345776,98,4072,3985,87
nrsr:person:233,Jaroslav Baška,https://www.nrsr.sk/web/dynamic/PoslanecPhoto.aspx?PoslanecID=233&ImageWidth=140,,Klub SMER - SD,,0.9422888016,94,4072,3837,235
nrsr:person:1124,Ingrid Kosová,https://www.nrsr.sk/web/dynamic/PoslanecPhoto.aspx?PoslanecID=1124&ImageWidth=140,,Klub PS,,0.8698783213,87,4027,3503,524
nrsr:person:1116,Lucia Plaváková,https://www.nrsr.sk/web/dynamic/PoslanecPhoto.aspx?PoslanecID=1116&ImageWidth=140,,Klub PS,,0.7238639185,72,4027,2915,1112
nrsr:person:1223,Vladimír Macášek,https://www.nrsr.sk/web/dynamic/PoslanecPhoto.aspx?PoslanecID=1223&ImageWidth=140,,Klub SMER - SD,,0.9810344828,98,580,569,11
nrsr:person:1176,Erik Vlček,https://www.nrsr.sk/web/dynamic/PoslanecPhoto.aspx?PoslanecID=1176&ImageWidth=140,,Klub HLAS - SD,,0.9666011788,97,4072,3936,136
nrsr:person:1037,Vladimír Ledecký,https://www.nrsr.sk/web/dynamic/PoslanecPhoto.aspx?PoslanecID=1037&ImageWidth=140,,Klub SaS,,0.8451327434,85,4068,3438,630
nrsr:person:1088,Peter Pollák,https://www.nrsr.sk/web/dynamic/PoslanecPhoto.aspx?PoslanecID=1088&ImageWidth=140,,Klub SLOVENSKO,,0.7928237896,79,4069,3226,843
nrsr:person:785,Ľubomír Galko,https://www.nrsr.sk/web/dynamic/PoslanecPhoto.aspx?PoslanecID=785&ImageWidth=140,,Klub SLOVENSKO,,0.8388998035,84,4072,3416,656
nrsr:person:1147,Tomáš Szalay,https://www.nrsr.sk/web/dynamic/PoslanecPhoto.aspx?PoslanecID=1147&ImageWidth=140,,Klub SaS,,0.8474950884,85,4072,3451,621
nrsr:person:1156,Ján Mažgút,https://www.nrsr.sk/web/dynamic/PoslanecPhoto.aspx?PoslanecID=1156&ImageWidth=140,,Klub SMER - SD,,0.9810903733,98,4072,3995,77
nrsr:person:1117,Jaroslav Spišiak,https://www.nrsr.sk/web/dynamic/PoslanecPhoto.aspx?PoslanecID=1117&ImageWidth=140,,Klub PS,,0.825329684,83,4019,3317,702
nrsr:person:1144,Lukáš Bužo,https://www.nrsr.sk/web/dynamic/PoslanecPhoto.aspx?PoslanecID=1144&ImageWidth=140,,Klub SLOVENSKO,,0.8484774067,85,4072,3455,617
nrsr:person:1194,Zuzana Plevíková,https://www.nrsr.sk/web/dynamic/PoslanecPhoto.aspx?PoslanecID=1194&ImageWidth=140,,Klub SMER - SD,,0.9842480925,98,4063,3999,64
nrsr:person:1009,Jozef Habánik,https://www.nrsr.sk/web/dynamic/PoslanecPhoto.aspx?PoslanecID=1009&ImageWidth=140,,Klub SMER - SD,,0.9778978389,98,4072,3982,90
nrsr:person:1195,PaedDr. Cech,https://www.nrsr.sk/web/dynamic/PoslanecPhoto.aspx?PoslanecID=1195&ImageWidth=140,,Klub HLAS - SD,,0.9793256215,98,4063,3979,84
nrsr:person:92,František Mikloško,https://www.nrsr.sk/web/dynamic/PoslanecPhoto.aspx?PoslanecID=92&ImageWidth=140,,Klub KDH,,0.6269646365,63,4072,2553,1519
nrsr:person:1131,Ondrej Prostredník,https://www.nrsr.sk/web/dynamic/PoslanecPhoto.aspx?PoslanecID=1131&ImageWidth=140,,Klub PS,,0.9068785697,91,4027,3652,375
nrsr:person:930,Dušan Tittel,https://www.nrsr.sk/web/dynamic/PoslanecPhoto.aspx?PoslanecID=930&ImageWidth=140,,Klub HLAS - SD,,0.9803536346,98,4072,3992,80
nrsr:person:1205,Michal Kapuš,https://www.nrsr.sk/web/dynamic/PoslanecPhoto.aspx?PoslanecID=1205&ImageWidth=140,,Klub SMER - SD,,0.978019264,98,4049,3960,89
nrsr:person:1065,Michal Šipoš,https://www.nrsr.sk/web/dynamic/PoslanecPhoto.aspx?PoslanecID=1065&ImageWidth=140,,Klub SLOVENSKO,,0.818762279,82,4072,3334,738
